<?xml version="1.0" encoding="UTF-8"?>
<!--Autogenerated by Cloudera Manager-->
<configuration>
   <property>
      <name>hive.metastore.local</name>
      <value>false</value>
   </property>
   <property>
      <name>hive.metastore.uris</name>
      <value>thrift://test-cdh5-hue.ent.cloudera.com:9083</value>
   </property>
   <property>
      <name>hive.metastore.client.socket.timeout</name>
      <value>300</value>
   </property>
   <property>
      <name>hive.metastore.warehouse.dir</name>
      <value>/user/hive/warehouse</value>
   </property>
   <property>
      <name>hive.warehouse.subdir.inherit.perms</name>
      <value>true</value>
   </property>
   <property>
      <name>mapred.reduce.tasks</name>
      <value>-1</value>
   </property>
   <property>
      <name>hive.exec.reducers.bytes.per.reducer</name>
      <value>1073741824</value>
   </property>
   <property>
      <name>hive.exec.reducers.max</name>
      <value>999</value>
   </property>
   <property>
      <name>hive.metastore.execute.setugi</name>
      <value>true</value>
   </property>
   <property>
      <name>hive.support.concurrency</name>
      <value>true</value>
   </property>
   <property>
      <name>hive.zookeeper.quorum</name>
      <value>test-cdh5-hue.ent.cloudera.com</value>
   </property>
   <property>
      <name>hive.zookeeper.client.port</name>
      <value>2181</value>
   </property>
   <!--'hbase.zookeeper.quorum', originally set to 'test-cdh5-hue.ent.cloudera.com' (non-final), is overridden below by a safety valve-->
   <!--'hbase.zookeeper.property.clientPort', originally set to '2181' (non-final), is overridden below by a safety valve-->
   <property>
      <name>hive.zookeeper.namespace</name>
      <value>hive_zookeeper_namespace_HIVE-1</value>
   </property>
   <property>
      <name>hive.server2.enable.doAs</name>
      <value>true</value>
   </property>
   <property>
      <name>fs.hdfs.impl.disable.cache</name>
      <value>true</value>
   </property>
   <property>
      <name>hive.metastore.sasl.enabled</name>
      <value>true</value>
   </property>
   <property>
      <name>hive.server2.authentication</name>
      <value>kerberos</value>
   </property>
   <property>
      <name>hive.metastore.kerberos.principal</name>
      <value>hive/_HOST@ENT.CLOUDERA.COM</value>
   </property>
   <property>
      <name>hive.server2.authentication.kerberos.principal</name>
      <value>hive/_HOST@ENT.CLOUDERA.COM</value>
   </property>
   <property>
      <name>hive.stats.dbclass</name>
      <value>jdbc:mysql</value>
   </property>
   <property>
      <name>hive.stats.jdbcdriver</name>
      <value>com.mysql.jdbc.Driver</value>
   </property>
   <property>
      <name>hive.stats.dbconnectionstring</name>
      <value>jdbc:mysql://test-cdh5-hue.ent.cloudera.com:3306/hive1?user=hive1&amp;password=hive1</value>
   </property>
   <property>
      <name>hive.aux.jars.path</name>
      <value>file:///usr/share/java//mysql-connector-java.jar</value>
   </property>
   <property>
      <name>hbase.zookeeper.quorum</name>
      <value>test-cdh5-hue.ent.cloudera.com</value>
   </property>
   <property>
      <name>hbase.zookeeper.property.clientPort</name>
      <value>2181</value>
   </property>
</configuration>
