<workflow-app name="ilovehue" xmlns="uri:oozie:workflow:0.4">
    <start to="pig"/>
    <action name="pig">
        <pig>
            <job-tracker>${jobTracker}</job-tracker>
            <name-node>${nameNode}</name-node>
            <script>script.pig</script>
            <argument>-param</argument>
            <argument>input=${input}</argument>
            <argument>-param</argument>
            <argument>output=${output}</argument>
        </pig>
        <ok to="end"/>
        <error to="kill"/>
    </action>
    <kill name="kill">
        <message>Action failed, error message[${wf:errorMessage(wf:lastErrorNode())}]</message>
    </kill>
    <end name="end"/>
</workflow-app>