[
{
  "pk": 2, 
  "model": "desktop.document2", 
  "fields": {
    "uuid": "e368b3f5-d6e1-491b-a41d-9d1e54a04269", 
    "extra": "", 
    "type": "notebook", 
    "description": "", 
    "tags": [], 
    "is_history": false, 
    "last_modified": "2015-10-27T16:18:19.449", 
    "version": 1, 
    "owner": [
      "romain"
    ], 
    "dependencies": [], 
    "data": "{\"description\": \"\", \"selectedDatabases\": {\"hive\": \"default\"}, \"sessions\": [{\"type\": \"pyspark\", \"properties\": [], \"id\": 0}], \"name\": \"Access a Shared RDD\", \"selectedSnippet\": \"pyspark\", \"creatingSessionLocks\": [], \"id\": 2, \"snippets\": [{\"chartSorting\": \"none\", \"lastExecuted\": 1445987577059, \"errorsKlass\": \"results pyspark alert alert-error\", \"variables\": [], \"showChart\": false, \"isResultSettingsVisible\": false, \"chartScope\": \"world\", \"showGrid\": true, \"result\": {\"cleanedNumericMeta\": [], \"cleanedDateTimeMeta\": [], \"handle\": {\"has_result_set\": true, \"id\": 17}, \"logs\": \"SLF4J: Class path contains multiple SLF4J bindings.\\nSLF4J: Found binding in [jar:file:/usr/lib/zookeeper/lib/slf4j-log4j12-1.7.5.jar!/org/slf4j/impl/StaticLoggerBinder.class]\\nSLF4J: Found binding in [jar:file:/usr/lib/flume-ng/lib/slf4j-log4j12-1.7.5.jar!/org/slf4j/impl/StaticLoggerBinder.class]\\nSLF4J: See http://www.slf4j.org/codes.html#multiple_bindings for an explanation.\\nSLF4J: Actual binding is of type [org.slf4j.impl.Log4jLoggerFactory]\\n15/10/27 15:59:25 WARN util.NativeCodeLoader: Unable to load native-hadoop library for your platform... using builtin-java classes where applicable\\n15/10/27 15:59:25 INFO client.RMProxy: Connecting to ResourceManager at /0.0.0.0:8032\\n15/10/27 15:59:26 INFO yarn.Client: Requesting a new application from cluster with 1 NodeManagers\\n15/10/27 15:59:26 INFO yarn.Client: Verifying our application has not requested more than the maximum memory capability of the cluster (8192 MB per container)\\n15/10/27 15:59:26 INFO yarn.Client: Will allocate AM container, with 1408 MB memory including 384 MB overhead\\n15/10/27 15:59:26 INFO yarn.Client: Setting up container launch context for our AM\\n15/10/27 15:59:26 INFO yarn.Client: Setting up the launch environment for our AM container\\n15/10/27 15:59:26 INFO yarn.Client: Preparing resources for our AM container\\n15/10/27 15:59:26 WARN shortcircuit.DomainSocketFactory: The short-circuit local reads feature cannot be used because libhadoop cannot be loaded.\\n15/10/27 15:59:26 INFO yarn.Client: Uploading resource file:/usr/lib/spark/lib/spark-assembly-1.5.0-cdh5.7.0-SNAPSHOT-hadoop2.6.0-cdh5.7.0-SNAPSHOT.jar -> hdfs://localhost:8020/user/romain/.sparkStaging/application_1444917524249_0050/spark-assembly-1.5.0-cdh5.7.0-SNAPSHOT-hadoop2.6.0-cdh5.7.0-SNAPSHOT.jar\\n15/10/27 15:59:26 INFO yarn.Client: Uploading resource file:/home/romain/projects/hue/apps/spark/java-lib/livy-assembly.jar -> hdfs://localhost:8020/user/romain/.sparkStaging/application_1444917524249_0050/livy-assembly.jar\\n15/10/27 15:59:27 INFO yarn.Client: Uploading resource file:/usr/lib/spark/python/lib/pyspark.zip -> hdfs://localhost:8020/user/romain/.sparkStaging/application_1444917524249_0050/pyspark.zip\\n15/10/27 15:59:27 INFO yarn.Client: Uploading resource file:/usr/lib/spark/python/lib/py4j-0.8.2.1-src.zip -> hdfs://localhost:8020/user/romain/.sparkStaging/application_1444917524249_0050/py4j-0.8.2.1-src.zip\\n15/10/27 15:59:27 INFO yarn.Client: Uploading resource file:/tmp/spark-02693843-08c4-4d0a-8766-814b52d3c4f6/__spark_conf__8902263670100779261.zip -> hdfs://localhost:8020/user/romain/.sparkStaging/application_1444917524249_0050/__spark_conf__8902263670100779261.zip\\n15/10/27 15:59:27 INFO spark.SecurityManager: Changing view acls to: romain\\n15/10/27 15:59:27 INFO spark.SecurityManager: Changing modify acls to: romain\\n15/10/27 15:59:27 INFO spark.SecurityManager: SecurityManager: authentication disabled; ui acls disabled; users with view permissions: Set(romain); users with modify permissions: Set(romain)\\n15/10/27 15:59:27 INFO yarn.Client: Submitting application 50 to ResourceManager\\n15/10/27 15:59:27 INFO impl.YarnClientImpl: Submitted application application_1444917524249_0050\\n15/10/27 15:59:28 INFO yarn.Client: Application report for application_1444917524249_0050 (state: ACCEPTED)\\n15/10/27 15:59:28 INFO yarn.Client: \\n\\t client token: N/A\\n\\t diagnostics: N/A\\n\\t ApplicationMaster host: N/A\\n\\t ApplicationMaster RPC port: -1\\n\\t queue: root.romain\\n\\t start time: 1445986767503\\n\\t final status: UNDEFINED\\n\\t tracking URL: http://unreal:8088/proxy/application_1444917524249_0050/\\n\\t user: romain\\n15/10/27 15:59:29 INFO yarn.Client: Application report for application_1444917524249_0050 (state: ACCEPTED)\\n15/10/27 15:59:30 INFO yarn.Client: Application report for application_1444917524249_0050 (state: ACCEPTED)\\n15/10/27 15:59:31 INFO yarn.Client: Application report for application_1444917524249_0050 (state: ACCEPTED)\\n15/10/27 15:59:32 INFO yarn.Client: Application report for application_1444917524249_0050 (state: RUNNING)\\n15/10/27 15:59:32 INFO yarn.Client: \\n\\t client token: N/A\\n\\t diagnostics: N/A\\n\\t ApplicationMaster host: 192.168.192.111\\n\\t ApplicationMaster RPC port: 0\\n\\t queue: root.romain\\n\\t start time: 1445986767503\\n\\t final status: UNDEFINED\\n\\t tracking URL: http://unreal:8088/proxy/application_1444917524249_0050/\\n\\t user: romain\\n15/10/27 15:59:33 INFO yarn.Client: Application report for application_1444917524249_0050 (state: RUNNING)\\n15/10/27 15:59:34 INFO yarn.Client: Application report for application_1444917524249_0050 (state: RUNNING)\\n15/10/27 15:59:35 INFO yarn.Client: Application report for application_1444917524249_0050 (state: RUNNING)\\n15/10/27 15:59:36 INFO yarn.Client: Application report for application_1444917524249_0050 (state: RUNNING)\\n15/10/27 15:59:37 INFO yarn.Client: Application report for application_1444917524249_0050 (state: RUNNING)\\n15/10/27 15:59:38 INFO yarn.Client: Application report for application_1444917524249_0050 (state: RUNNING)\\n15/10/27 15:59:39 INFO yarn.Client: Application report for application_1444917524249_0050 (state: RUNNING)\\n15/10/27 15:59:40 INFO yarn.Client: Application report for application_1444917524249_0050 (state: RUNNING)\\n15/10/27 15:59:41 INFO yarn.Client: Application report for application_1444917524249_0050 (state: RUNNING)\\n15/10/27 15:59:42 INFO yarn.Client: Application report for application_1444917524249_0050 (state: RUNNING)\\n15/10/27 15:59:43 INFO yarn.Client: Application report for application_1444917524249_0050 (state: RUNNING)\\n15/10/27 15:59:44 INFO yarn.Client: Application report for application_1444917524249_0050 (state: RUNNING)\\n15/10/27 15:59:45 INFO yarn.Client: Application report for application_1444917524249_0050 (state: RUNNING)\\n15/10/27 15:59:46 INFO yarn.Client: Application report for application_1444917524249_0050 (state: RUNNING)\\n15/10/27 15:59:47 INFO yarn.Client: Application report for application_1444917524249_0050 (state: RUNNING)\\n15/10/27 15:59:48 INFO yarn.Client: Application report for application_1444917524249_0050 (state: RUNNING)\\n15/10/27 15:59:49 INFO yarn.Client: Application report for application_1444917524249_0050 (state: RUNNING)\\n15/10/27 15:59:50 INFO yarn.Client: Application report for application_1444917524249_0050 (state: RUNNING)\\n15/10/27 15:59:51 INFO yarn.Client: Application report for application_1444917524249_0050 (state: RUNNING)\\n15/10/27 15:59:52 INFO yarn.Client: Application report for application_1444917524249_0050 (state: RUNNING)\\n15/10/27 15:59:53 INFO yarn.Client: Application report for application_1444917524249_0050 (state: RUNNING)\\n15/10/27 15:59:54 INFO yarn.Client: Application report for application_1444917524249_0050 (state: RUNNING)\\n15/10/27 15:59:55 INFO yarn.Client: Application report for application_1444917524249_0050 (state: RUNNING)\\n15/10/27 15:59:56 INFO yarn.Client: Application report for application_1444917524249_0050 (state: RUNNING)\\n15/10/27 15:59:57 INFO yarn.Client: Application report for application_1444917524249_0050 (state: RUNNING)\\n15/10/27 15:59:58 INFO yarn.Client: Application report for application_1444917524249_0050 (state: RUNNING)\\n15/10/27 15:59:59 INFO yarn.Client: Application report for application_1444917524249_0050 (state: RUNNING)\\n15/10/27 16:00:00 INFO yarn.Client: Application report for application_1444917524249_0050 (state: RUNNING)\\n15/10/27 16:00:01 INFO yarn.Client: Application report for application_1444917524249_0050 (state: RUNNING)\\n15/10/27 16:00:02 INFO yarn.Client: Application report for application_1444917524249_0050 (state: RUNNING)\\n15/10/27 16:00:03 INFO yarn.Client: Application report for application_1444917524249_0050 (state: RUNNING)\\n15/10/27 16:00:04 INFO yarn.Client: Application report for application_1444917524249_0050 (state: RUNNING)\\n15/10/27 16:00:05 INFO yarn.Client: Application report for application_1444917524249_0050 (state: RUNNING)\\n15/10/27 16:00:06 INFO yarn.Client: Application report for application_1444917524249_0050 (state: RUNNING)\\n15/10/27 16:00:07 INFO yarn.Client: Application report for application_1444917524249_0050 (state: RUNNING)\\n15/10/27 16:00:08 INFO yarn.Client: Application report for application_1444917524249_0050 (state: RUNNING)\\n15/10/27 16:00:09 INFO yarn.Client: Application report for application_1444917524249_0050 (state: RUNNING)\\n15/10/27 16:00:10 INFO yarn.Client: Application report for application_1444917524249_0050 (state: RUNNING)\\n15/10/27 16:00:11 INFO yarn.Client: Application report for application_1444917524249_0050 (state: RUNNING)\\n15/10/27 16:00:12 INFO yarn.Client: Application report for application_1444917524249_0050 (state: RUNNING)\\n15/10/27 16:00:13 INFO yarn.Client: Application report for application_1444917524249_0050 (state: RUNNING)\\n15/10/27 16:00:14 INFO yarn.Client: Application report for application_1444917524249_0050 (state: RUNNING)\\n15/10/27 16:00:15 INFO yarn.Client: Application report for application_1444917524249_0050 (state: RUNNING)\\n15/10/27 16:00:16 INFO yarn.Client: Application report for application_1444917524249_0050 (state: RUNNING)\\n15/10/27 16:00:17 INFO yarn.Client: Application report for application_1444917524249_0050 (state: RUNNING)\\n15/10/27 16:00:18 INFO yarn.Client: Application report for application_1444917524249_0050 (state: RUNNING)\\n15/10/27 16:00:19 INFO yarn.Client: Application report for application_1444917524249_0050 (state: RUNNING)\\n15/10/27 16:00:20 INFO yarn.Client: Application report for application_1444917524249_0050 (state: RUNNING)\\n15/10/27 16:00:21 INFO yarn.Client: Application report for application_1444917524249_0050 (state: RUNNING)\\n15/10/27 16:00:22 INFO yarn.Client: Application report for application_1444917524249_0050 (state: RUNNING)\\n15/10/27 16:00:23 INFO yarn.Client: Application report for application_1444917524249_0050 (state: RUNNING)\", \"executionTime\": 0, \"data\": [[1, \"\"]], \"fetchedOnce\": true, \"cleanedMeta\": [{\"comment\": \"\", \"type\": \"STRING_TYPE\", \"name\": \"Header\"}], \"cleanedStringMeta\": [{\"comment\": \"\", \"type\": \"STRING_TYPE\", \"name\": \"Header\"}], \"logLines\": 100, \"hasResultset\": true, \"meta\": [{\"comment\": null, \"type\": \"INT_TYPE\", \"name\": \"\"}, {\"comment\": \"\", \"type\": \"STRING_TYPE\", \"name\": \"Header\"}], \"startTime\": \"2015-10-27T23:12:57.181Z\", \"hasSomeResults\": true, \"endTime\": \"2015-10-27T23:12:57.181Z\", \"type\": \"text\", \"id\": \"ad23076b-a19c-1b12-ba32-b4ee057dbb7d\"}, \"viewSettings\": {\"snippetImage\": \"/static/spark/art/icon_spark_48.png\", \"placeHolder\": \"Example: 1 + 1, or press CTRL + space\", \"aceMode\": \"ace/mode/python\"}, \"hasDataForChart\": false, \"id\": \"9e4520b7-442d-a256-57b5-5a6f4dd33b8b\", \"codeVisible\": true, \"errors\": [], \"chartData\": [], \"statement_raw\": \"class ShareableRdd():\\n  \\n  def __init__(self):\\n    self.data = sc.parallelize([])\\n\\n  def get(self, key):\\n    return self.data.filter(lambda row: row[0] == key).take(1)\\n  \\n  def set(self, key, value):\\n    new_key = sc.parallelize([[key, value]])\\n    self.data = self.data.union(new_key)\", \"showLogs\": false, \"statement\": \"class ShareableRdd():\\n  \\n  def __init__(self):\\n    self.data = sc.parallelize([])\\n\\n  def get(self, key):\\n    return self.data.filter(lambda row: row[0] == key).take(1)\\n  \\n  def set(self, key, value):\\n    new_key = sc.parallelize([[key, value]])\\n    self.data = self.data.union(new_key)\", \"codemirrorSize\": 100, \"progress\": 0, \"type\": \"pyspark\", \"status\": \"available\", \"previousChartOptions\": {\"chartYMulti\": []}, \"hasProperties\": false, \"jobs\": [{\"url\": \"http://unreal:8088/proxy/application_1444917524249_0050/\", \"name\": \"application_1444917524249_0050\"}], \"variableNames\": [], \"resultsKlass\": \"results pyspark\", \"chartYMulti\": [], \"chartType\": \"bars\", \"properties\": {}, \"name\": \"\", \"availableSnippets\": [{\"interface\": \"hiveserver2\", \"type\": \"hive\", \"name\": \"Hive\", \"options\": {}}, {\"interface\": \"hiveserver2\", \"type\": \"impala\", \"name\": \"Impala\", \"options\": {}}, {\"interface\": \"livy\", \"type\": \"spark\", \"name\": \"Scala\", \"options\": {}}, {\"interface\": \"livy\", \"type\": \"pyspark\", \"name\": \"PySpark\", \"options\": {}}, {\"interface\": \"livy\", \"type\": \"r\", \"name\": \"R\", \"options\": {}}, {\"interface\": \"livy-batch\", \"type\": \"jar\", \"name\": \"Spark Submit Jar\", \"options\": {}}, {\"interface\": \"livy-batch\", \"type\": \"py\", \"name\": \"Spark Submit Python\", \"options\": {}}, {\"interface\": \"pig\", \"type\": \"pig\", \"name\": \"Pig\", \"options\": {}}, {\"interface\": \"text\", \"type\": \"text\", \"name\": \"Text\", \"options\": {}}, {\"interface\": \"text\", \"type\": \"markdown\", \"name\": \"Markdown\", \"options\": {}}], \"klass\": \"snippet card card-widget\", \"settingsVisible\": false, \"checkStatusTimeout\": null, \"isLoading\": false}, {\"chartSorting\": \"none\", \"lastExecuted\": 1445987598844, \"errorsKlass\": \"results pyspark alert alert-error\", \"variables\": [], \"showChart\": false, \"isResultSettingsVisible\": false, \"chartScope\": \"world\", \"showGrid\": true, \"result\": {\"cleanedNumericMeta\": [], \"cleanedDateTimeMeta\": [], \"handle\": {\"has_result_set\": true, \"id\": 18}, \"logs\": \"SLF4J: Class path contains multiple SLF4J bindings.\\nSLF4J: Found binding in [jar:file:/usr/lib/zookeeper/lib/slf4j-log4j12-1.7.5.jar!/org/slf4j/impl/StaticLoggerBinder.class]\\nSLF4J: Found binding in [jar:file:/usr/lib/flume-ng/lib/slf4j-log4j12-1.7.5.jar!/org/slf4j/impl/StaticLoggerBinder.class]\\nSLF4J: See http://www.slf4j.org/codes.html#multiple_bindings for an explanation.\\nSLF4J: Actual binding is of type [org.slf4j.impl.Log4jLoggerFactory]\\n15/10/27 15:59:25 WARN util.NativeCodeLoader: Unable to load native-hadoop library for your platform... using builtin-java classes where applicable\\n15/10/27 15:59:25 INFO client.RMProxy: Connecting to ResourceManager at /0.0.0.0:8032\\n15/10/27 15:59:26 INFO yarn.Client: Requesting a new application from cluster with 1 NodeManagers\\n15/10/27 15:59:26 INFO yarn.Client: Verifying our application has not requested more than the maximum memory capability of the cluster (8192 MB per container)\\n15/10/27 15:59:26 INFO yarn.Client: Will allocate AM container, with 1408 MB memory including 384 MB overhead\\n15/10/27 15:59:26 INFO yarn.Client: Setting up container launch context for our AM\\n15/10/27 15:59:26 INFO yarn.Client: Setting up the launch environment for our AM container\\n15/10/27 15:59:26 INFO yarn.Client: Preparing resources for our AM container\\n15/10/27 15:59:26 WARN shortcircuit.DomainSocketFactory: The short-circuit local reads feature cannot be used because libhadoop cannot be loaded.\\n15/10/27 15:59:26 INFO yarn.Client: Uploading resource file:/usr/lib/spark/lib/spark-assembly-1.5.0-cdh5.7.0-SNAPSHOT-hadoop2.6.0-cdh5.7.0-SNAPSHOT.jar -> hdfs://localhost:8020/user/romain/.sparkStaging/application_1444917524249_0050/spark-assembly-1.5.0-cdh5.7.0-SNAPSHOT-hadoop2.6.0-cdh5.7.0-SNAPSHOT.jar\\n15/10/27 15:59:26 INFO yarn.Client: Uploading resource file:/home/romain/projects/hue/apps/spark/java-lib/livy-assembly.jar -> hdfs://localhost:8020/user/romain/.sparkStaging/application_1444917524249_0050/livy-assembly.jar\\n15/10/27 15:59:27 INFO yarn.Client: Uploading resource file:/usr/lib/spark/python/lib/pyspark.zip -> hdfs://localhost:8020/user/romain/.sparkStaging/application_1444917524249_0050/pyspark.zip\\n15/10/27 15:59:27 INFO yarn.Client: Uploading resource file:/usr/lib/spark/python/lib/py4j-0.8.2.1-src.zip -> hdfs://localhost:8020/user/romain/.sparkStaging/application_1444917524249_0050/py4j-0.8.2.1-src.zip\\n15/10/27 15:59:27 INFO yarn.Client: Uploading resource file:/tmp/spark-02693843-08c4-4d0a-8766-814b52d3c4f6/__spark_conf__8902263670100779261.zip -> hdfs://localhost:8020/user/romain/.sparkStaging/application_1444917524249_0050/__spark_conf__8902263670100779261.zip\\n15/10/27 15:59:27 INFO spark.SecurityManager: Changing view acls to: romain\\n15/10/27 15:59:27 INFO spark.SecurityManager: Changing modify acls to: romain\\n15/10/27 15:59:27 INFO spark.SecurityManager: SecurityManager: authentication disabled; ui acls disabled; users with view permissions: Set(romain); users with modify permissions: Set(romain)\\n15/10/27 15:59:27 INFO yarn.Client: Submitting application 50 to ResourceManager\\n15/10/27 15:59:27 INFO impl.YarnClientImpl: Submitted application application_1444917524249_0050\\n15/10/27 15:59:28 INFO yarn.Client: Application report for application_1444917524249_0050 (state: ACCEPTED)\\n15/10/27 15:59:28 INFO yarn.Client: \\n\\t client token: N/A\\n\\t diagnostics: N/A\\n\\t ApplicationMaster host: N/A\\n\\t ApplicationMaster RPC port: -1\\n\\t queue: root.romain\\n\\t start time: 1445986767503\\n\\t final status: UNDEFINED\\n\\t tracking URL: http://unreal:8088/proxy/application_1444917524249_0050/\\n\\t user: romain\\n15/10/27 15:59:29 INFO yarn.Client: Application report for application_1444917524249_0050 (state: ACCEPTED)\\n15/10/27 15:59:30 INFO yarn.Client: Application report for application_1444917524249_0050 (state: ACCEPTED)\\n15/10/27 15:59:31 INFO yarn.Client: Application report for application_1444917524249_0050 (state: ACCEPTED)\\n15/10/27 15:59:32 INFO yarn.Client: Application report for application_1444917524249_0050 (state: RUNNING)\\n15/10/27 15:59:32 INFO yarn.Client: \\n\\t client token: N/A\\n\\t diagnostics: N/A\\n\\t ApplicationMaster host: 192.168.192.111\\n\\t ApplicationMaster RPC port: 0\\n\\t queue: root.romain\\n\\t start time: 1445986767503\\n\\t final status: UNDEFINED\\n\\t tracking URL: http://unreal:8088/proxy/application_1444917524249_0050/\\n\\t user: romain\\n15/10/27 15:59:33 INFO yarn.Client: Application report for application_1444917524249_0050 (state: RUNNING)\\n15/10/27 15:59:34 INFO yarn.Client: Application report for application_1444917524249_0050 (state: RUNNING)\\n15/10/27 15:59:35 INFO yarn.Client: Application report for application_1444917524249_0050 (state: RUNNING)\\n15/10/27 15:59:36 INFO yarn.Client: Application report for application_1444917524249_0050 (state: RUNNING)\\n15/10/27 15:59:37 INFO yarn.Client: Application report for application_1444917524249_0050 (state: RUNNING)\\n15/10/27 15:59:38 INFO yarn.Client: Application report for application_1444917524249_0050 (state: RUNNING)\\n15/10/27 15:59:39 INFO yarn.Client: Application report for application_1444917524249_0050 (state: RUNNING)\\n15/10/27 15:59:40 INFO yarn.Client: Application report for application_1444917524249_0050 (state: RUNNING)\\n15/10/27 15:59:41 INFO yarn.Client: Application report for application_1444917524249_0050 (state: RUNNING)\\n15/10/27 15:59:42 INFO yarn.Client: Application report for application_1444917524249_0050 (state: RUNNING)\\n15/10/27 15:59:43 INFO yarn.Client: Application report for application_1444917524249_0050 (state: RUNNING)\\n15/10/27 15:59:44 INFO yarn.Client: Application report for application_1444917524249_0050 (state: RUNNING)\\n15/10/27 15:59:45 INFO yarn.Client: Application report for application_1444917524249_0050 (state: RUNNING)\\n15/10/27 15:59:46 INFO yarn.Client: Application report for application_1444917524249_0050 (state: RUNNING)\\n15/10/27 15:59:47 INFO yarn.Client: Application report for application_1444917524249_0050 (state: RUNNING)\\n15/10/27 15:59:48 INFO yarn.Client: Application report for application_1444917524249_0050 (state: RUNNING)\\n15/10/27 15:59:49 INFO yarn.Client: Application report for application_1444917524249_0050 (state: RUNNING)\\n15/10/27 15:59:50 INFO yarn.Client: Application report for application_1444917524249_0050 (state: RUNNING)\\n15/10/27 15:59:51 INFO yarn.Client: Application report for application_1444917524249_0050 (state: RUNNING)\\n15/10/27 15:59:52 INFO yarn.Client: Application report for application_1444917524249_0050 (state: RUNNING)\\n15/10/27 15:59:53 INFO yarn.Client: Application report for application_1444917524249_0050 (state: RUNNING)\\n15/10/27 15:59:54 INFO yarn.Client: Application report for application_1444917524249_0050 (state: RUNNING)\\n15/10/27 15:59:55 INFO yarn.Client: Application report for application_1444917524249_0050 (state: RUNNING)\\n15/10/27 15:59:56 INFO yarn.Client: Application report for application_1444917524249_0050 (state: RUNNING)\\n15/10/27 15:59:57 INFO yarn.Client: Application report for application_1444917524249_0050 (state: RUNNING)\\n15/10/27 15:59:58 INFO yarn.Client: Application report for application_1444917524249_0050 (state: RUNNING)\\n15/10/27 15:59:59 INFO yarn.Client: Application report for application_1444917524249_0050 (state: RUNNING)\\n15/10/27 16:00:00 INFO yarn.Client: Application report for application_1444917524249_0050 (state: RUNNING)\\n15/10/27 16:00:01 INFO yarn.Client: Application report for application_1444917524249_0050 (state: RUNNING)\\n15/10/27 16:00:02 INFO yarn.Client: Application report for application_1444917524249_0050 (state: RUNNING)\\n15/10/27 16:00:03 INFO yarn.Client: Application report for application_1444917524249_0050 (state: RUNNING)\\n15/10/27 16:00:04 INFO yarn.Client: Application report for application_1444917524249_0050 (state: RUNNING)\\n15/10/27 16:00:05 INFO yarn.Client: Application report for application_1444917524249_0050 (state: RUNNING)\\n15/10/27 16:00:06 INFO yarn.Client: Application report for application_1444917524249_0050 (state: RUNNING)\\n15/10/27 16:00:07 INFO yarn.Client: Application report for application_1444917524249_0050 (state: RUNNING)\\n15/10/27 16:00:08 INFO yarn.Client: Application report for application_1444917524249_0050 (state: RUNNING)\\n15/10/27 16:00:09 INFO yarn.Client: Application report for application_1444917524249_0050 (state: RUNNING)\\n15/10/27 16:00:10 INFO yarn.Client: Application report for application_1444917524249_0050 (state: RUNNING)\\n15/10/27 16:00:11 INFO yarn.Client: Application report for application_1444917524249_0050 (state: RUNNING)\\n15/10/27 16:00:12 INFO yarn.Client: Application report for application_1444917524249_0050 (state: RUNNING)\\n15/10/27 16:00:13 INFO yarn.Client: Application report for application_1444917524249_0050 (state: RUNNING)\\n15/10/27 16:00:14 INFO yarn.Client: Application report for application_1444917524249_0050 (state: RUNNING)\\n15/10/27 16:00:15 INFO yarn.Client: Application report for application_1444917524249_0050 (state: RUNNING)\\n15/10/27 16:00:16 INFO yarn.Client: Application report for application_1444917524249_0050 (state: RUNNING)\\n15/10/27 16:00:17 INFO yarn.Client: Application report for application_1444917524249_0050 (state: RUNNING)\\n15/10/27 16:00:18 INFO yarn.Client: Application report for application_1444917524249_0050 (state: RUNNING)\\n15/10/27 16:00:19 INFO yarn.Client: Application report for application_1444917524249_0050 (state: RUNNING)\\n15/10/27 16:00:20 INFO yarn.Client: Application report for application_1444917524249_0050 (state: RUNNING)\\n15/10/27 16:00:21 INFO yarn.Client: Application report for application_1444917524249_0050 (state: RUNNING)\\n15/10/27 16:00:22 INFO yarn.Client: Application report for application_1444917524249_0050 (state: RUNNING)\\n15/10/27 16:00:23 INFO yarn.Client: Application report for application_1444917524249_0050 (state: RUNNING)\", \"executionTime\": 0, \"data\": [[1, \"\"]], \"fetchedOnce\": true, \"cleanedMeta\": [{\"comment\": \"\", \"type\": \"STRING_TYPE\", \"name\": \"Header\"}], \"cleanedStringMeta\": [{\"comment\": \"\", \"type\": \"STRING_TYPE\", \"name\": \"Header\"}], \"logLines\": 100, \"hasResultset\": true, \"meta\": [{\"comment\": null, \"type\": \"INT_TYPE\", \"name\": \"\"}, {\"comment\": \"\", \"type\": \"STRING_TYPE\", \"name\": \"Header\"}], \"startTime\": \"2015-10-27T23:13:18.961Z\", \"hasSomeResults\": true, \"endTime\": \"2015-10-27T23:13:18.961Z\", \"type\": \"text\", \"id\": \"fd65a675-c9fc-e013-b1bb-bdff8e77f567\"}, \"viewSettings\": {\"snippetImage\": \"/static/spark/art/icon_spark_48.png\", \"placeHolder\": \"Example: 1 + 1, or press CTRL + space\", \"aceMode\": \"ace/mode/python\"}, \"hasDataForChart\": false, \"id\": \"e749904e-9525-5b99-5ac6-3e47457b8dfc\", \"codeVisible\": true, \"errors\": [], \"chartData\": [], \"statement_raw\": \"states = ShareableRdd()\\n\\nstates.set('ak', 'Alaska')\\nstates.set('ca', 'California')\\n\", \"showLogs\": false, \"statement\": \"states = ShareableRdd()\\n\\nstates.set('ak', 'Alaska')\\nstates.set('ca', 'California')\\n\", \"codemirrorSize\": 100, \"progress\": 0, \"type\": \"pyspark\", \"status\": \"available\", \"previousChartOptions\": {\"chartYMulti\": []}, \"hasProperties\": false, \"jobs\": [{\"url\": \"http://unreal:8088/proxy/application_1444917524249_0050/\", \"name\": \"application_1444917524249_0050\"}], \"variableNames\": [], \"resultsKlass\": \"results pyspark\", \"chartYMulti\": [], \"chartType\": \"bars\", \"properties\": {}, \"name\": \"\", \"availableSnippets\": [{\"interface\": \"hiveserver2\", \"type\": \"hive\", \"name\": \"Hive\", \"options\": {}}, {\"interface\": \"hiveserver2\", \"type\": \"impala\", \"name\": \"Impala\", \"options\": {}}, {\"interface\": \"livy\", \"type\": \"spark\", \"name\": \"Scala\", \"options\": {}}, {\"interface\": \"livy\", \"type\": \"pyspark\", \"name\": \"PySpark\", \"options\": {}}, {\"interface\": \"livy\", \"type\": \"r\", \"name\": \"R\", \"options\": {}}, {\"interface\": \"livy-batch\", \"type\": \"jar\", \"name\": \"Spark Submit Jar\", \"options\": {}}, {\"interface\": \"livy-batch\", \"type\": \"py\", \"name\": \"Spark Submit Python\", \"options\": {}}, {\"interface\": \"pig\", \"type\": \"pig\", \"name\": \"Pig\", \"options\": {}}, {\"interface\": \"text\", \"type\": \"text\", \"name\": \"Text\", \"options\": {}}, {\"interface\": \"text\", \"type\": \"markdown\", \"name\": \"Markdown\", \"options\": {}}], \"klass\": \"snippet card card-widget\", \"settingsVisible\": false, \"checkStatusTimeout\": null, \"isLoading\": false}, {\"chartSorting\": \"none\", \"lastExecuted\": 1445987600359, \"errorsKlass\": \"results pyspark alert alert-error\", \"variables\": [], \"showChart\": false, \"isResultSettingsVisible\": false, \"chartScope\": \"world\", \"showGrid\": true, \"result\": {\"cleanedNumericMeta\": [], \"cleanedDateTimeMeta\": [], \"handle\": {\"has_result_set\": true, \"id\": 19}, \"logs\": \"SLF4J: Class path contains multiple SLF4J bindings.\\nSLF4J: Found binding in [jar:file:/usr/lib/zookeeper/lib/slf4j-log4j12-1.7.5.jar!/org/slf4j/impl/StaticLoggerBinder.class]\\nSLF4J: Found binding in [jar:file:/usr/lib/flume-ng/lib/slf4j-log4j12-1.7.5.jar!/org/slf4j/impl/StaticLoggerBinder.class]\\nSLF4J: See http://www.slf4j.org/codes.html#multiple_bindings for an explanation.\\nSLF4J: Actual binding is of type [org.slf4j.impl.Log4jLoggerFactory]\\n15/10/27 15:59:25 WARN util.NativeCodeLoader: Unable to load native-hadoop library for your platform... using builtin-java classes where applicable\\n15/10/27 15:59:25 INFO client.RMProxy: Connecting to ResourceManager at /0.0.0.0:8032\\n15/10/27 15:59:26 INFO yarn.Client: Requesting a new application from cluster with 1 NodeManagers\\n15/10/27 15:59:26 INFO yarn.Client: Verifying our application has not requested more than the maximum memory capability of the cluster (8192 MB per container)\\n15/10/27 15:59:26 INFO yarn.Client: Will allocate AM container, with 1408 MB memory including 384 MB overhead\\n15/10/27 15:59:26 INFO yarn.Client: Setting up container launch context for our AM\\n15/10/27 15:59:26 INFO yarn.Client: Setting up the launch environment for our AM container\\n15/10/27 15:59:26 INFO yarn.Client: Preparing resources for our AM container\\n15/10/27 15:59:26 WARN shortcircuit.DomainSocketFactory: The short-circuit local reads feature cannot be used because libhadoop cannot be loaded.\\n15/10/27 15:59:26 INFO yarn.Client: Uploading resource file:/usr/lib/spark/lib/spark-assembly-1.5.0-cdh5.7.0-SNAPSHOT-hadoop2.6.0-cdh5.7.0-SNAPSHOT.jar -> hdfs://localhost:8020/user/romain/.sparkStaging/application_1444917524249_0050/spark-assembly-1.5.0-cdh5.7.0-SNAPSHOT-hadoop2.6.0-cdh5.7.0-SNAPSHOT.jar\\n15/10/27 15:59:26 INFO yarn.Client: Uploading resource file:/home/romain/projects/hue/apps/spark/java-lib/livy-assembly.jar -> hdfs://localhost:8020/user/romain/.sparkStaging/application_1444917524249_0050/livy-assembly.jar\\n15/10/27 15:59:27 INFO yarn.Client: Uploading resource file:/usr/lib/spark/python/lib/pyspark.zip -> hdfs://localhost:8020/user/romain/.sparkStaging/application_1444917524249_0050/pyspark.zip\\n15/10/27 15:59:27 INFO yarn.Client: Uploading resource file:/usr/lib/spark/python/lib/py4j-0.8.2.1-src.zip -> hdfs://localhost:8020/user/romain/.sparkStaging/application_1444917524249_0050/py4j-0.8.2.1-src.zip\\n15/10/27 15:59:27 INFO yarn.Client: Uploading resource file:/tmp/spark-02693843-08c4-4d0a-8766-814b52d3c4f6/__spark_conf__8902263670100779261.zip -> hdfs://localhost:8020/user/romain/.sparkStaging/application_1444917524249_0050/__spark_conf__8902263670100779261.zip\\n15/10/27 15:59:27 INFO spark.SecurityManager: Changing view acls to: romain\\n15/10/27 15:59:27 INFO spark.SecurityManager: Changing modify acls to: romain\\n15/10/27 15:59:27 INFO spark.SecurityManager: SecurityManager: authentication disabled; ui acls disabled; users with view permissions: Set(romain); users with modify permissions: Set(romain)\\n15/10/27 15:59:27 INFO yarn.Client: Submitting application 50 to ResourceManager\\n15/10/27 15:59:27 INFO impl.YarnClientImpl: Submitted application application_1444917524249_0050\\n15/10/27 15:59:28 INFO yarn.Client: Application report for application_1444917524249_0050 (state: ACCEPTED)\\n15/10/27 15:59:28 INFO yarn.Client: \\n\\t client token: N/A\\n\\t diagnostics: N/A\\n\\t ApplicationMaster host: N/A\\n\\t ApplicationMaster RPC port: -1\\n\\t queue: root.romain\\n\\t start time: 1445986767503\\n\\t final status: UNDEFINED\\n\\t tracking URL: http://unreal:8088/proxy/application_1444917524249_0050/\\n\\t user: romain\\n15/10/27 15:59:29 INFO yarn.Client: Application report for application_1444917524249_0050 (state: ACCEPTED)\\n15/10/27 15:59:30 INFO yarn.Client: Application report for application_1444917524249_0050 (state: ACCEPTED)\\n15/10/27 15:59:31 INFO yarn.Client: Application report for application_1444917524249_0050 (state: ACCEPTED)\\n15/10/27 15:59:32 INFO yarn.Client: Application report for application_1444917524249_0050 (state: RUNNING)\\n15/10/27 15:59:32 INFO yarn.Client: \\n\\t client token: N/A\\n\\t diagnostics: N/A\\n\\t ApplicationMaster host: 192.168.192.111\\n\\t ApplicationMaster RPC port: 0\\n\\t queue: root.romain\\n\\t start time: 1445986767503\\n\\t final status: UNDEFINED\\n\\t tracking URL: http://unreal:8088/proxy/application_1444917524249_0050/\\n\\t user: romain\\n15/10/27 15:59:33 INFO yarn.Client: Application report for application_1444917524249_0050 (state: RUNNING)\\n15/10/27 15:59:34 INFO yarn.Client: Application report for application_1444917524249_0050 (state: RUNNING)\\n15/10/27 15:59:35 INFO yarn.Client: Application report for application_1444917524249_0050 (state: RUNNING)\\n15/10/27 15:59:36 INFO yarn.Client: Application report for application_1444917524249_0050 (state: RUNNING)\\n15/10/27 15:59:37 INFO yarn.Client: Application report for application_1444917524249_0050 (state: RUNNING)\\n15/10/27 15:59:38 INFO yarn.Client: Application report for application_1444917524249_0050 (state: RUNNING)\\n15/10/27 15:59:39 INFO yarn.Client: Application report for application_1444917524249_0050 (state: RUNNING)\\n15/10/27 15:59:40 INFO yarn.Client: Application report for application_1444917524249_0050 (state: RUNNING)\\n15/10/27 15:59:41 INFO yarn.Client: Application report for application_1444917524249_0050 (state: RUNNING)\\n15/10/27 15:59:42 INFO yarn.Client: Application report for application_1444917524249_0050 (state: RUNNING)\\n15/10/27 15:59:43 INFO yarn.Client: Application report for application_1444917524249_0050 (state: RUNNING)\\n15/10/27 15:59:44 INFO yarn.Client: Application report for application_1444917524249_0050 (state: RUNNING)\\n15/10/27 15:59:45 INFO yarn.Client: Application report for application_1444917524249_0050 (state: RUNNING)\\n15/10/27 15:59:46 INFO yarn.Client: Application report for application_1444917524249_0050 (state: RUNNING)\\n15/10/27 15:59:47 INFO yarn.Client: Application report for application_1444917524249_0050 (state: RUNNING)\\n15/10/27 15:59:48 INFO yarn.Client: Application report for application_1444917524249_0050 (state: RUNNING)\\n15/10/27 15:59:49 INFO yarn.Client: Application report for application_1444917524249_0050 (state: RUNNING)\\n15/10/27 15:59:50 INFO yarn.Client: Application report for application_1444917524249_0050 (state: RUNNING)\\n15/10/27 15:59:51 INFO yarn.Client: Application report for application_1444917524249_0050 (state: RUNNING)\\n15/10/27 15:59:52 INFO yarn.Client: Application report for application_1444917524249_0050 (state: RUNNING)\\n15/10/27 15:59:53 INFO yarn.Client: Application report for application_1444917524249_0050 (state: RUNNING)\\n15/10/27 15:59:54 INFO yarn.Client: Application report for application_1444917524249_0050 (state: RUNNING)\\n15/10/27 15:59:55 INFO yarn.Client: Application report for application_1444917524249_0050 (state: RUNNING)\\n15/10/27 15:59:56 INFO yarn.Client: Application report for application_1444917524249_0050 (state: RUNNING)\\n15/10/27 15:59:57 INFO yarn.Client: Application report for application_1444917524249_0050 (state: RUNNING)\\n15/10/27 15:59:58 INFO yarn.Client: Application report for application_1444917524249_0050 (state: RUNNING)\\n15/10/27 15:59:59 INFO yarn.Client: Application report for application_1444917524249_0050 (state: RUNNING)\\n15/10/27 16:00:00 INFO yarn.Client: Application report for application_1444917524249_0050 (state: RUNNING)\\n15/10/27 16:00:01 INFO yarn.Client: Application report for application_1444917524249_0050 (state: RUNNING)\\n15/10/27 16:00:02 INFO yarn.Client: Application report for application_1444917524249_0050 (state: RUNNING)\\n15/10/27 16:00:03 INFO yarn.Client: Application report for application_1444917524249_0050 (state: RUNNING)\\n15/10/27 16:00:04 INFO yarn.Client: Application report for application_1444917524249_0050 (state: RUNNING)\\n15/10/27 16:00:05 INFO yarn.Client: Application report for application_1444917524249_0050 (state: RUNNING)\\n15/10/27 16:00:06 INFO yarn.Client: Application report for application_1444917524249_0050 (state: RUNNING)\\n15/10/27 16:00:07 INFO yarn.Client: Application report for application_1444917524249_0050 (state: RUNNING)\\n15/10/27 16:00:08 INFO yarn.Client: Application report for application_1444917524249_0050 (state: RUNNING)\\n15/10/27 16:00:09 INFO yarn.Client: Application report for application_1444917524249_0050 (state: RUNNING)\\n15/10/27 16:00:10 INFO yarn.Client: Application report for application_1444917524249_0050 (state: RUNNING)\\n15/10/27 16:00:11 INFO yarn.Client: Application report for application_1444917524249_0050 (state: RUNNING)\\n15/10/27 16:00:12 INFO yarn.Client: Application report for application_1444917524249_0050 (state: RUNNING)\\n15/10/27 16:00:13 INFO yarn.Client: Application report for application_1444917524249_0050 (state: RUNNING)\\n15/10/27 16:00:14 INFO yarn.Client: Application report for application_1444917524249_0050 (state: RUNNING)\\n15/10/27 16:00:15 INFO yarn.Client: Application report for application_1444917524249_0050 (state: RUNNING)\\n15/10/27 16:00:16 INFO yarn.Client: Application report for application_1444917524249_0050 (state: RUNNING)\\n15/10/27 16:00:17 INFO yarn.Client: Application report for application_1444917524249_0050 (state: RUNNING)\\n15/10/27 16:00:18 INFO yarn.Client: Application report for application_1444917524249_0050 (state: RUNNING)\\n15/10/27 16:00:19 INFO yarn.Client: Application report for application_1444917524249_0050 (state: RUNNING)\\n15/10/27 16:00:20 INFO yarn.Client: Application report for application_1444917524249_0050 (state: RUNNING)\\n15/10/27 16:00:21 INFO yarn.Client: Application report for application_1444917524249_0050 (state: RUNNING)\\n15/10/27 16:00:22 INFO yarn.Client: Application report for application_1444917524249_0050 (state: RUNNING)\\n15/10/27 16:00:23 INFO yarn.Client: Application report for application_1444917524249_0050 (state: RUNNING)\", \"executionTime\": 0, \"data\": [[1, \"[['ak', 'Alaska']]\"]], \"fetchedOnce\": true, \"cleanedMeta\": [{\"comment\": \"\", \"type\": \"STRING_TYPE\", \"name\": \"Header\"}], \"cleanedStringMeta\": [{\"comment\": \"\", \"type\": \"STRING_TYPE\", \"name\": \"Header\"}], \"logLines\": 100, \"hasResultset\": true, \"meta\": [{\"comment\": null, \"type\": \"INT_TYPE\", \"name\": \"\"}, {\"comment\": \"\", \"type\": \"STRING_TYPE\", \"name\": \"Header\"}], \"startTime\": \"2015-10-27T23:13:20.577Z\", \"hasSomeResults\": true, \"endTime\": \"2015-10-27T23:13:20.577Z\", \"type\": \"text\", \"id\": \"e9c72193-df7b-b216-c6ef-05b0c85bfaaa\"}, \"viewSettings\": {\"snippetImage\": \"/static/spark/art/icon_spark_48.png\", \"placeHolder\": \"Example: 1 + 1, or press CTRL + space\", \"aceMode\": \"ace/mode/python\"}, \"hasDataForChart\": false, \"id\": \"a8da2dfc-d8bc-956e-84e4-9b143f27f76c\", \"codeVisible\": true, \"errors\": [], \"chartData\": [], \"statement_raw\": \"states.get(\\\"ak\\\")\\n\", \"showLogs\": false, \"statement\": \"states.get(\\\"ak\\\")\\n\", \"codemirrorSize\": 100, \"progress\": 0, \"type\": \"pyspark\", \"status\": \"available\", \"previousChartOptions\": {\"chartYMulti\": []}, \"hasProperties\": false, \"jobs\": [{\"url\": \"http://unreal:8088/proxy/application_1444917524249_0050/\", \"name\": \"application_1444917524249_0050\"}], \"variableNames\": [], \"resultsKlass\": \"results pyspark\", \"chartYMulti\": [], \"chartType\": \"bars\", \"properties\": {}, \"name\": \"\", \"availableSnippets\": [{\"interface\": \"hiveserver2\", \"type\": \"hive\", \"name\": \"Hive\", \"options\": {}}, {\"interface\": \"hiveserver2\", \"type\": \"impala\", \"name\": \"Impala\", \"options\": {}}, {\"interface\": \"livy\", \"type\": \"spark\", \"name\": \"Scala\", \"options\": {}}, {\"interface\": \"livy\", \"type\": \"pyspark\", \"name\": \"PySpark\", \"options\": {}}, {\"interface\": \"livy\", \"type\": \"r\", \"name\": \"R\", \"options\": {}}, {\"interface\": \"livy-batch\", \"type\": \"jar\", \"name\": \"Spark Submit Jar\", \"options\": {}}, {\"interface\": \"livy-batch\", \"type\": \"py\", \"name\": \"Spark Submit Python\", \"options\": {}}, {\"interface\": \"pig\", \"type\": \"pig\", \"name\": \"Pig\", \"options\": {}}, {\"interface\": \"text\", \"type\": \"text\", \"name\": \"Text\", \"options\": {}}, {\"interface\": \"text\", \"type\": \"markdown\", \"name\": \"Markdown\", \"options\": {}}], \"klass\": \"snippet card card-widget\", \"settingsVisible\": false, \"checkStatusTimeout\": null, \"isLoading\": false}, {\"chartSorting\": \"none\", \"lastExecuted\": 0, \"errorsKlass\": \"results pyspark alert alert-error\", \"variables\": [], \"showChart\": false, \"isResultSettingsVisible\": false, \"chartScope\": \"world\", \"showGrid\": true, \"result\": {\"cleanedNumericMeta\": [], \"cleanedDateTimeMeta\": [], \"handle\": {}, \"logs\": \"\", \"executionTime\": 0, \"data\": [], \"fetchedOnce\": false, \"cleanedMeta\": [], \"cleanedStringMeta\": [], \"logLines\": 0, \"hasResultset\": true, \"meta\": [], \"startTime\": \"2015-10-27T11:49:02.855Z\", \"hasSomeResults\": false, \"endTime\": \"2015-10-27T11:49:02.855Z\", \"type\": \"table\", \"id\": \"3c2cea16-aa01-92d4-3ddd-2b5b941f2b3f\"}, \"viewSettings\": {\"snippetImage\": \"/static/spark/art/icon_spark_48.png\", \"placeHolder\": \"Example: 1 + 1, or press CTRL + space\", \"aceMode\": \"ace/mode/python\"}, \"hasDataForChart\": false, \"id\": \"abf38da1-107c-243f-d19b-7c92ac661a19\", \"codeVisible\": true, \"errors\": [], \"chartData\": [], \"statement_raw\": \"\", \"showLogs\": false, \"statement\": \"\", \"codemirrorSize\": 100, \"progress\": 0, \"type\": \"pyspark\", \"status\": \"ready\", \"previousChartOptions\": {}, \"hasProperties\": false, \"jobs\": [], \"variableNames\": [], \"resultsKlass\": \"results pyspark\", \"chartYMulti\": [], \"chartType\": \"bars\", \"properties\": {}, \"name\": \"\", \"availableSnippets\": [{\"interface\": \"hiveserver2\", \"type\": \"hive\", \"name\": \"Hive\", \"options\": {}}, {\"interface\": \"hiveserver2\", \"type\": \"impala\", \"name\": \"Impala\", \"options\": {}}, {\"interface\": \"livy\", \"type\": \"spark\", \"name\": \"Scala\", \"options\": {}}, {\"interface\": \"livy\", \"type\": \"pyspark\", \"name\": \"PySpark\", \"options\": {}}, {\"interface\": \"livy\", \"type\": \"r\", \"name\": \"R\", \"options\": {}}, {\"interface\": \"livy-batch\", \"type\": \"jar\", \"name\": \"Spark Submit Jar\", \"options\": {}}, {\"interface\": \"livy-batch\", \"type\": \"py\", \"name\": \"Spark Submit Python\", \"options\": {}}, {\"interface\": \"pig\", \"type\": \"pig\", \"name\": \"Pig\", \"options\": {}}, {\"interface\": \"text\", \"type\": \"text\", \"name\": \"Text\", \"options\": {}}, {\"interface\": \"text\", \"type\": \"markdown\", \"name\": \"Markdown\", \"options\": {}}], \"klass\": \"snippet card card-widget\", \"settingsVisible\": false, \"checkStatusTimeout\": null, \"isLoading\": false}], \"uuid\": \"072ac87d-55ae-9bec-9efa-d651688ae242\"}", 
    "name": "Access a Shared RDD"
  }
}
]
