
<workflow-app name="Hive-credentials" xmlns="uri:oozie:workflow:0.4">
  <credentials>
    <credential name="hcat" type="hcat">
      <property>
        <name>hcat.metastore.uri</name>
        <value>thrift://test-cdh5-hue.ent.cloudera.com:9083</value>
      </property>
      <property>
        <name>hcat.metastore.principal</name>
        <value>hive/test-cdh5-hue.ent.cloudera.com@ENT.CLOUDERA.COM</value>
      </property>
    </credential>
  </credentials>
    <start to="Hive"/>
    <action name="Hive" cred="hcat">
        <hive xmlns="uri:oozie:hive-action:0.2">
            <job-tracker>${jobTracker}</job-tracker>
            <name-node>${nameNode}</name-node>
              <job-xml>hive-config.xml</job-xml>
            <script>hive.sql</script>
            <file>hive-config.xml#hive-config.xml</file>
        </hive>
        <ok to="end"/>
        <error to="kill"/>
    </action>
    <kill name="kill">
        <message>Action failed, error message[${wf:errorMessage(wf:lastErrorNode())}]</message>
    </kill>
    <end name="end"/>
</workflow-app>
